Unnamed: 0,title,inst1,inst2,inst3,inst4,inst5,inst6,inst7,inst8,inst9,inst10,inst11,inst12,num_academia,num_company
0,A Hybrid Algorithm for Coalition Structure Generation,University of Southampton,University of Warsaw,University of Southampton,,,,,,,,,,3.0,0.0
1,Structural Patterns Beyond Forks: Extending the Complexity Boundaries of Classical Planning,Saarland University,Inria Nancy - Grand-Est research centre,,,,,,,,,,,2.0,0.0
2,Efficient Approximate Value Iteration for Continuous Gaussian POMDPs,University of Utah,University of North Carolina at Chapel Hill,University of North Carolina at Chapel Hill,,,,,,,,,,3.0,0.0
3,Generalized Sampling and Variance in Counterfactual Regret Minimization,Alberta Hospital Edmonton,Alberta Hospital Edmonton,Alberta Hospital Edmonton,Alberta Hospital Edmonton,Alberta Hospital Edmonton,,,,,,,,5.0,0.0
4,Computing Optimal Strategies to Commit to in Stochastic Games,Duke University,Georgia Institute of Technology,Duke University,Duke University,Georgia Institute of Technology,,,,,,,,5.0,0.0
5,Simple Robust Grammar Induction with Combinatory Categorial Grammars,University of Illinois Urbana-Champaign,University of Illinois Urbana-Champaign,,,,,,,,,,,2.0,0.0
6,Filtering Decomposable Global Cost Functions *,Institut National de la Recherche Agronomique,University of Montpellier,Universitas Maritim Raja Ali Haji,Institut National de la Recherche Agronomique,Autonomous University of Barcelona,Universitas Maritim Raja Ali Haji,Universitas Maritim Raja Ali Haji,Institut National de la Recherche Agronomique,,,,,2.0,0.0
7,Conflict-Based Belief Revision Operators in Possibilistic Logic,Southeast University,Jilin University,Griffith University,,,,,,,,,,3.0,0.0
8,A Tractable First-Order Probabilistic Logic,University of Washington,University of Washington,,,,,,,,,,,2.0,0.0
9,Trap Avoidance in Local Search Using Pseudo-Conflict Learning,Data61,Griffith University,,,,,,,,,,,2.0,0.0
10,Three Controversial Hypotheses Concerning Computation in the Primate Cortex,Google (United States),Google (United States),Google (United States),,,,,,,,,,0.0,3.0
11,Conflict-Based Search For Optimal Multi-Agent Path Finding,ISE Department Ben-Gurion University Israe,ISE Department Ben-Gurion University Israe,ISE Department Ben-Gurion University Israe,University of Denver,,,,,,,,,1.0,0.0
12,An Undergraduate Course in the Intersection of Computer Science and Economics,Duke University,,,,,,,,,,,,1.0,0.0
13,Heuristic Search Comes of Age *,University of Denver,Ben-Gurion University of the Negev,Carnegie Mellon University,University of New Hampshire,,,,,,,,,4.0,0.0
14,Low-Rank Matrix Recovery via Efficient Schatten p-Norm Minimization,The University of Texas at Arlington,The University of Texas at Arlington,The University of Texas at Arlington,,,,,,,,,,3.0,0.0
15,Teaching Problem-Solving in Algorithms and AI,St. Lawrence University,,,,,,,,,,,,1.0,0.0
16,Compiling Model-Based Diagnosis to Boolean Satisfaction *,Ben-Gurion University of the Negev,Ben-Gurion University of the Negev,Ben-Gurion University of the Negev,Ben-Gurion University of the Negev,,,,,,,,,4.0,0.0
17,Sembler: Ensembling Crowd Sequential Labeling for Improved Quality,Shanghai Jiao Tong University,IBM Research - Thomas J. Watson Research Center,Shanghai Jiao Tong University,,,,,,,,,,3.0,0.0
18,Negotiation in Exploration-Based Environment,Bar-Ilan University,Bar-Ilan University,Bar-Ilan University,,,,,,,,,,3.0,0.0
19,A Robust Bayesian Truth Serum for Small Populations,University of Freiburg,Harvard University,,,,,,,,,,,2.0,0.0
20,Effects of Representation on Solving Complex Spatial-Temporal Problems,"Department of Computer Science and Engineering, University of Minnesot",,,,,,,,,,,,1.0,0.0
21,A Scalable Message-Passing Algorithm for Supply Chain Formation,"IIIA -CSIC Campus de la UAB, E-08193 Bellaterra, Spai","IIIA -CSIC Campus de la UAB, E-08193 Bellaterra, Spai","IIIA -CSIC Campus de la UAB, E-08193 Bellaterra, Spai",University of Verona,,,,,,,,,4.0,0.0
22,Lessons Learned From a Rational Reconstruction of Minstrel,"University of California, Santa Cruz","University of California, Santa Cruz","University of California, Santa Cruz","University of California, Santa Cruz",,,,,,,,,4.0,0.0
23,Computing Game-Theoretic Solutions and Applications to Security *,Duke University,,,,,,,,,,,,1.0,0.0
24,Research Challenges in Combinatorial Search,"University of California, Los Angeles",,,,,,,,,,,,1.0,0.0
25,Weighted Clustering,University of Waterloo,University of Waterloo,Aarhus University,University of Waterloo,,,,,,,,,4.0,0.0
26,Global Climate Model Tracking Using Geospatial Neighborhoods,George Washington University,George Washington University,,,,,,,,,,,2.0,0.0
27,Factored Models for Multiscale Decision-Making in Smart Grid Customers,Carnegie Mellon University,Carnegie Mellon University,,,,,,,,,,,2.0,0.0
28,Estimation of Suitable Action to Realize Given Novel Effect with Given Tool Using Bayesian Tool Affordances,Institute of Informatics,,,,,,,,,,,,1.0,0.0
29,Ontology-Based Data Access with Dynamic TBoxes in DL-Lite,Sapienza University of Rome,Sapienza University of Rome,Sapienza University of Rome,Sapienza University of Rome,,,,,,,,,4.0,0.0
30,Security Games for Controlling Contagion,University of Southern California,University of Southern California,University of Southern California,,,,,,,,,,3.0,0.0
31,Dynamic Matching via Weighted Myopia with Application to Kidney Exchange,Carnegie Mellon University,Carnegie Mellon University,Carnegie Mellon University,,,,,,,,,,3.0,0.0
32,Usage-Centric Benchmarking of RDF Triple Stores,Leipzig University,Leipzig University,Leipzig University,Leipzig University,,,,,,,,,4.0,0.0
33,LRTDP Versus UCT for Online Probabilistic Planning,Seattle University,Seattle University,,,,,,,,,,,2.0,0.0
34,The Automated Vacuum Waste Collection Optimization Problem *,University of Lleida,Research Institute for Artificial Intelligence,,,,,,,,,,,2.0,0.0
35,Pedagogical Explorations in Computational Perception for Performance,Bard College,,,,,,,,,,,,1.0,0.0
36,Non-Model-Based Search Guidance for Set Partitioning Problems,Brown University,Brown University,IBM Research - Thomas J. Watson Research Center,,,,,,,,,,3.0,0.0
37,Sustaining Economic Exploitation of Complex Ecosystems in Computational Models of Coupled Human-Natural Networks," Pacific Ecoinformatics and Computational Ecology Lab, 1604 McGee Avenue, Berkeley, California, US"," Pacific Ecoinformatics and Computational Ecology Lab, 1604 McGee Avenue, Berkeley, California, US",École Polytechnique," Pacific Ecoinformatics and Computational Ecology Lab, 1604 McGee Avenue, Berkeley, California, US",GEOMAR Helmholtz Centre for Ocean Research Kiel," Pacific Ecoinformatics and Computational Ecology Lab, 1604 McGee Avenue, Berkeley, California, US",San Francisco State University," Pacific Ecoinformatics and Computational Ecology Lab, 1604 McGee Avenue, Berkeley, California, US"," Pacific Ecoinformatics and Computational Ecology Lab, 1604 McGee Avenue, Berkeley, California, US",San Francisco State University," Pacific Ecoinformatics and Computational Ecology Lab, 1604 McGee Avenue, Berkeley, California, US",Santa Fe Institute,8.0,0.0
38,Robust Cuts Over Time: Combatting the Spread of Invasive Species with Unreliable Biological Control,Cornell University,,,,,,,,,,,,1.0,0.0
39,Teaching Localization in Probabilistic Robotics,University of Massachusetts Lowell,University of Massachusetts Lowell,University of Massachusetts Lowell,,,,,,,,,,3.0,0.0
40,Finding Optimal Abstract Strategies in Extensive-Form Games,University of Alberta,University of Alberta,University of Alberta,University of Alberta,,,,,,,,,4.0,0.0
41,Evaluating Temporal Plans in Incomplete Domains,Utah State University,Utah State University,,,,,,,,,,,2.0,0.0
42,Dynamic Multiagent Resource Allocation: Integrating Auctions and MDPs for Real-Time Decisions,University of Waterloo,,,,,,,,,,,,1.0,0.0
43,Using Quantitative Information to Improve Analogical Matching Between Sketches,Northwestern University,Northwestern University,,,,,,,,,,,2.0,0.0
44,FLP Semantics Without Circular Justifications for General Logic Programs,Chinese Academy of Sciences,Griffith University,,,,,,,,,,,2.0,0.0
45,Lifted MEU by Weighted Model Counting,Ben-Gurion University of the Negev,Ben-Gurion University of the Negev,,,,,,,,,,,2.0,0.0
46,Approximating the Sum Operation for Marginal-MAP Inference,Tsinghua University,Tsinghua University,Tsinghua University,Tsinghua University,"University of California, Irvine",,,,,,,,5.0,0.0
47,Pairwise Exemplar Clustering,University of Illinois Urbana-Champaign,"Department of Electrical and Computer Engineering 1 , Department of Statistic",,,,,,,,,,,3.0,0.0
48,Don't Be Strict in Local Search!,UNSW Sydney,University of Vienna,Paris Dauphine University,University of Vienna,Institute of Mathematical Sciences,University of Vienna,,,,,,,6.0,0.0
49,From Streamlined Combinatorial Search to Efficient Constructive Procedures,Cornell University,Cornell University,Cornell University,,,,,,,,,,3.0,0.0
50,Heart Rate Topic Models,University of Michigan–Ann Arbor,University of Michigan–Ann Arbor,University of Michigan–Ann Arbor,,,,,,,,,,3.0,0.0
51,A Parameterized Runtime Analysis of Evolutionary Algorithms for the Euclidean Traveling Salesperson Problem,University of Adelaide,University of Adelaide,,,,,,,,,,,2.0,0.0
52,Integrating Learner Help Requests Using a POMDP in an Adaptive Training System,Polytechnic University of Timişoara,University of Central Florida," MESH Solutions, LLC, 12601 Research Parkway, Orlando, FL 3282",,,,,,,,,,1.0,0.0
53,Patrol Strategies to Maximize Pristine Forest Area,University of Southern California,University of Southern California,University of Southern California,,,,,,,,,,3.0,0.0
54,HyperPlay: A Solution to General Game Playing with Imperfect Information,UNSW Sydney,UNSW Sydney,UNSW Sydney,,,,,,,,,,3.0,0.0
55,Filtering Algorithms Based on the Word-RAM Model,Université Laval,Université Laval,,,,,,,,,,,2.0,0.0
56,Identifying Bullies with a Computer Game,University of Illinois Urbana-Champaign,University of Illinois Urbana-Champaign,University of Illinois Urbana-Champaign,University of Illinois Urbana-Champaign,,,,,,,,,4.0,0.0
57,BabelRelate! A Joint Multilingual Approach to Computing Semantic Relatedness,Sapienza University of Rome,Sapienza University of Rome,,,,,,,,,,,2.0,0.0
58,Exact Lifted Inference with Distinct Soft Evidence on Every Object,SRI International,SRI International,SRI International,,,,,,,,,,3.0,0.0
59,Applying Automated Language,,,,,,,,,,,,,0.0,0.0
60,Symmetric Subgame Perfect Equilibria in Resource Allocation,École Polytechnique Fédérale de Lausanne,École Polytechnique Fédérale de Lausanne,,,,,,,,,,,2.0,0.0
61,Automatic Targetless Extrinsic Calibration of a 3D Lidar and Camera by Maximizing Mutual Information,University of Michigan–Ann Arbor,Ford Motor Company (United States),University of Michigan–Ann Arbor,University of Michigan–Ann Arbor,,,,,,,,,3.0,1.0
62,Model AI Assignments 2012,Michigan Technological University,Ithaca College,,,,,,,,,,,2.0,0.0
63,Coordinated Multi-Robot Exploration Under Communication Constraints Using Decentralized Markov Decision Processes, In sabbatical year at LAAS-CNRS,Université de Caen Normandie,,,,,,,,,,,1.0,0.0
64,Time-Critical Influence Maximization in Social Networks with Time-Delayed Diffusion Process,Microsoft Research Asia (China),University of British Columbia,University of Science and Technology of China,,,,,,,,,,2.0,1.0
65,ET-LDA: Joint Topic Modeling for Aligning Events and Their Twitter Feedback,Arizona State University,Oak Ridge National Laboratory,IBM Research - Thomas J. Watson Research Center,Arizona State University,,,,,,,,,4.0,0.0
66,Investigating Contingency Awareness Using Atari 2600 Games,University of Alberta,University of Alberta,University of Alberta,,,,,,,,,,3.0,0.0
67,Adaptive Polling for Information Aggregation,Harvard University,Harvard University,Harvard University,Harvard University,Harvard University,Harvard University,,,,,,,6.0,0.0
68,Combining Probabilistic Planning and Logic Programming on Mobile Robots,Texas Tech University,Texas Tech University,Texas Tech University,,,,,,,,,,3.0,0.0
69,Improving Request Compliance through Robot Affect,"National Academies of Sciences, Engineering, and Medicine",,,,,,,,,,,,1.0,0.0
70,Polynomially Decomposable Global Cost Functions in Weighted Constraint Satisfaction,Chinese University of Hong Kong,Chinese University of Hong Kong,Chinese University of Hong Kong,,,,,,,,,,3.0,0.0
71,Optimization and Controlled Systems: A Case Study on Thermal Aware Workload Dispatching,University of Bologna,University of Bologna,University of Bologna,University of Bologna,,,,,,,,,4.0,0.0
72,Ontological Smoothing for Relation Extraction with Minimal Supervision,University of Washington,University of Washington,University of Washington,,,,,,,,,,3.0,0.0
73,A Testbed for Learning by Demonstration from Natural Language and RGB-Depth Video,University of Rochester,University of Rochester,,,,,,,,,,,2.0,0.0
74,Mobile Robot Planning to Seek Help with Spatially-Situated Tasks,Carnegie Mellon University,Carnegie Mellon University,,,,,,,,,,,2.0,0.0
75,Threats and Trade-Offs in Resource Critical Crowdsourcing Tasks over Networks,Indian Institute of Science Bangalore, Global General Motors R&D -India Science La,IBM (India)," Dept. of Computer Science and Automation, Indian Institute of Scienc",Harvard University,,,,,,,,2.0,1.0
76,A Multi-Agent Control Architecture for a Rescue Robot,UNSW Sydney,,,,,,,,,,,,1.0,0.0
77,Topic Correlation Analysis for Cross-Domain Text Classification,Tsinghua University,Tsinghua University,Tsinghua University,,,,,,,,,,3.0,0.0
78,Sentic Activation: A Two-Level Affective Common Sense Reasoning Framework,National University of Singapore,National University of Singapore,National University of Singapore,,,,,,,,,,3.0,0.0
79,Clustering Documents Along Multiple Dimensions,IBM Research - Almaden,The University of Texas at Dallas,The University of Texas at Dallas,,,,,,,,,,3.0,0.0
80,Visual Saliency Map from Tensor Analysis,Chinese Academy of Sciences,"Omnivision Corporation Sunnyvale California, 95054, US",Chinese Academy of Sciences,,,,,,,,,,2.0,0.0
81,Last-Mile Restoration for Multiple Interdependent Infrastructures,Brown University,University of Melbourne,Los Alamos National Laboratory,,,,,,,,,,3.0,0.0
82,Active Learning from Oracle with Knowledge Blind Spot,University of Technology Sydney,University of Technology Sydney,University of Technology Sydney,,,,,,,,,,3.0,0.0
83,Model Learning and Real-Time Tracking Using Multi-Resolution Surfel Maps,University of Bonn,University of Bonn,,,,,,,,,,,2.0,0.0
84,Predicting Disease Transmission from Geo-Tagged Micro-Blog Data,University of Rochester,University of Rochester,University of Rochester,,,,,,,,,,3.0,0.0
85,Learning the Kernel Matrix with Low-Rank Multiplicative Shaping,University of Southern California,University of Southern California,,,,,,,,,,,2.0,0.0
86,Complex Task Learning from Unstructured Demonstrations,University of Massachusetts Amherst,,,,,,,,,,,,1.0,0.0
87,Conservative and Greedy Approaches to Classification-Based Policy Iteration,Team Industrial Services (United States),Team Industrial Services (United States),,,,,,,,,,,0.0,2.0
88,Social Cognition: Memory Decay and Adaptive Information Filtering for Robust Information Maintenance,Carnegie Mellon University,Carnegie Mellon University,,,,,,,,,,,2.0,0.0
89,CCE: A Coupled Framework of Clustering Ensembles,University of Technology Sydney,University of Technology Sydney,University of Technology Sydney,,,,,,,,,,3.0,0.0
90,Agent-Human Coordination with Communication Costs under Uncertainty *,Bar-Ilan University,Bar-Ilan University,Bar-Ilan University,"University of Maryland, College Park",,,,,,,,,4.0,0.0
91,Solution Diversity in Planning,Lehigh University,Lehigh University,,,,,,,,,,,2.0,0.0
92,Music-Inspired Texture Representation,Robert Gordon University,Robert Gordon University,Robert Gordon University,,,,,,,,,,3.0,0.0
93,Efficient Online Learning for Large-Scale Sparse Kernel Logistic Regression,Zhejiang University,Michigan State University,Zhejiang University,Zhejiang University,,,,,,,,,4.0,0.0
94,A Dichotomy for 2-Constraint Forbidden CSP Patterns *,Université de Toulouse,Université de Toulouse,,,,,,,,,,,2.0,0.0
95,Combining Hashing and Abstraction in Sparse High Dimensional Feature Spaces,Pennsylvania State University,Washington DC VA Medical Center,Pennsylvania State University,,,,,,,,,,2.0,0.0
96,Learning Games from Videos Guided by Descriptive Complexity,Laboratoire d'Informatique Algorithmique: Fondements et Applications,,,,,,,,,,,,1.0,0.0
97,Catch Me If You Can: Pursuit and Capture in Polygonal Environments with Obstacles *,"University of California, Santa Barbara","University of California, Santa Barbara",,,,,,,,,,,2.0,0.0
98,Occupancy Grid Models for Robot Mapping in Changing Environments,"KUKA Laboratories GmbH D-86165 Augsburg, German",University of Freiburg,University of Freiburg,,,,,,,,,,2.0,1.0
99,Double-Bit Quantization for Hashing,Shanghai Jiao Tong University,Shanghai Jiao Tong University,,,,,,,,,,,2.0,0.0
100,Temporally Expressive Planning Based on Answer Set Programming with Constraints,Texas Tech University,Texas Tech University,,,,,,,,,,,2.0,0.0
101,Semi-Supervised Kernel Matching for Domain Adaptation,Temple University,Temple University,,,,,,,,,,,2.0,0.0
102,Learning Driver's Behavior to Improve the Acceptance of Adaptive Cruise Control,Jerusalem College of Technology,University of Michigan–Ann Arbor," General Motors Advanced Technical Center, Israe",Bar-Ilan University,University of Michigan–Ann Arbor," General Motors Advanced Technical Center, Israe",,,,,,,4.0,0.0
103,Bayesian Unification of Sound Source Localization and Separation with Permutation Resolution,Kyoto University,"‡NTT Communication Science Laboratories, NTT Corporation, Kyoto, 619-0237, Japan",,,,,,,,,,,2.0,2.0
104,Adaptive Step-Size for Online Temporal Difference Learning,University of Massachusetts Amherst,University of Massachusetts Amherst,,,,,,,,,,,2.0,0.0
105,Repeated Sequential Auctions with Dynamic Task Clusters,UNSW Sydney,UNSW Sydney,,,,,,,,,,,2.0,0.0
106,Mechanix: A Sketch-Based Tutoring System for Statics Courses *,Computer Science Department,Computer Science Department,Computer Science Department,Computer Science Department,Computer Science Department,Computer Science Department,Texas A&M University,Computer Science Department,,,,,1.0,0.0
107,Supervised Probabilistic Robust Embedding with Sparse Noise,Hong Kong University of Science and Technology,Hong Kong University of Science and Technology,Carnegie Mellon University,,,,,,,,,,3.0,0.0
108,Prediction and Fault Detection of Environmental Signals with Uncharacterised Faults,University of Oxford,Carnegie Mellon University,"Aquatic Informatics Suite 1100, 570 Granville St Vancouver, V6C 3P1, Canad",University of British Columbia,,,,,,,,,3.0,0.0
109,Abductive Metareasoning for Truth-Seeking Agents,The Ohio State University,,,,,,,,,,,,1.0,0.0
110,The Parameterized Complexity of Abduction *,Charles Darwin University,Vienna University of Technology (Austria) Frances A. Rosamon,Charles Darwin University,University of Technology,,,,,,,,,3.0,0.0
111,MCTS Based on Simple Regret,Ben-Gurion University of the Negev,Ben-Gurion University of the Negev,,,,,,,,,,,2.0,0.0
112,Learning SVM Classifiers with Indefinite Kernels,Temple University,Temple University,,,,,,,,,,,2.0,0.0
113,A Bucket Elimination Approach for Determining Strong Controllability of Temporal Plans with Uncontrollable Choices,Massachusetts Institute of Technology,Massachusetts Institute of Technology,Massachusetts Institute of Technology,,,,,,,,,,3.0,0.0
114,Discriminative Clustering via Generative Feature Mapping,Chinese University of Hong Kong,Shanghai Jiao Tong University,"University of California, Los Angeles",Chinese University of Hong Kong,,,,,,,,,4.0,0.0
115,Sparse Probabilistic Relational Projection,Shanghai Jiao Tong University,Hong Kong University of Science and Technology,,,,,,,,,,,2.0,0.0
116,Real-Time Collaborative Planning with the Crowd,University of Rochester,University of Rochester,University of Rochester,University of Rochester,,,,,,,,,4.0,0.0
117,Mirror Perspective-Taking with a Humanoid Robot,Yale University,Yale University,,,,,,,,,,,2.0,0.0
118,Unsupervised Detection of Music Boundaries by Time Series Structure Features,Research Institute for Artificial Intelligence,Max Planck Institute for Informatics,Max Planck Institute for Informatics,Research Institute for Artificial Intelligence,,,,,,,,,4.0,0.0
119,Enriching Chatter Bots With Semantic Conversation Control,University of New Mexico,,,,,,,,,,,,1.0,0.0
120,Multinomial Relation Prediction in Social Data: A Dimension Reduction Approach,The University of Tokyo,The University of Tokyo,,,,,,,,,,,2.0,0.0
121,Fine-Grained Entity Recognition,University of Washington,University of Washington,,,,,,,,,,,2.0,0.0
122,A Theoretical Framework of the Graph Shift Algorithm,University of Technology Sydney,University of Technology Sydney,,,,,,,,,,,2.0,0.0
123,Hierarchical Double Dirichlet Process Mixture of Gaussian Processes,University of Waterloo,University of Waterloo,University of Waterloo,,,,,,,,,,3.0,0.0
124,An Efficient Simulation-Based Approach to Ambulance Fleet Allocation and Dynamic Redeployment,Carnegie Mellon University,Carnegie Mellon University,Carnegie Mellon University,,,,,,,,,,3.0,0.0
125,Recommending Related Microblogs: A Comparison Between Topic and WordNet Based Approaches,Wuhan University of Technology,Wuhan University of Technology,Wuhan University of Technology,Victoria University,The University of Tokyo,The University of Tokyo,,,,,,,6.0,0.0
126,Using the Web to Interactively Learn to Find Objects,Carnegie Mellon University,Carnegie Mellon University,Carnegie Mellon University,,,,,,,,,,3.0,0.0
127,Large Scale Temporal RDFS Reasoning Using MapReduce,Shanghai Jiao Tong University,Southeast University,Shanghai Jiao Tong University,"311 Yifu Building, 800 Dongchuan Road, Shanghai, China, 20024",,,,,,,,,3.0,0.0
128,An Investigation of Sensitivity on Bagging Predictors: An Empirical Approach,Finance and Economics Institute of Tajikistan,University of Technology Sydney,,,,,,,,,,,2.0,0.0
129,Symmetric Rendezvous in Planar Environments with and without Obstacles,Izmir University,University of Minnesota,"Department of Mathematics, Statistics and Computer Science Macalester College 1600 Grand Avenue Saint Paul, MN 5510",,,,,,,,,,1.0,0.0
130,Cruising with a Battery-Powered Vehicle and Not Getting Stranded,University of Stuttgart,University of Stuttgart,,,,,,,,,,,2.0,0.0
131,Improving Twitter Retrieval by Exploiting Structural Information,National University of Defense Technology,University of Edinburgh,University of Edinburgh,National University of Defense Technology,Yunnan Observatories,,,,,,,,5.0,0.0
132,Acquiring Domain Specific Knowledge and Coreference Cues for Coreference Resolution,University of Utah,,,,,,,,,,,,1.0,0.0
133,Name-Ethnicity Classification and Ethnicity-Sensitive Name Matching,Pennsylvania State University,Pennsylvania State University,,,,,,,,,,,2.0,0.0
134,Building Contextual Anchor Text Representation Using Graph Regularization,Lehigh University,,,,,,,,,,,,1.0,0.0
135,Searching for Optimal Off-Line Exploration Paths in Grid Environments for a Robot with Limited Visibility,Politecnico di Milano,Politecnico di Milano,"University of California, Merced",,,,,,,,,,3.0,0.0
136,Parsing Outdoor Scenes from Streamed 3D Laser Data Using Online Clustering and Incremental Belief Updates,University of Oxford,University of Oxford,Massachusetts Institute of Technology,University of Oxford,,,,,,,,,4.0,0.0
137,I'm Doing as Well as I Can: Modeling People as Rational Finite Automata,Cornell University,Cornell University,Cornell University,,,,,,,,,,3.0,0.0
138,Using a Critic to Promote Less Popular Candidates in a People-to-People Recommender System,UNSW Sydney,UNSW Sydney,UNSW Sydney,UNSW Sydney,UNSW Sydney,UNSW Sydney,UNSW Sydney,,,,,,7.0,0.0
139,Synthesizing Strategies for Epistemic Goals by Epistemic Model Checking: An Application to Pursuit Evasion Games *,UNSW Sydney,UNSW Sydney,,,,,,,,,,,2.0,0.0
140,A Spin-Glass Model for Semi-Supervised Community Detection,"Bryn Mawr College Computer Science Department Bryn Mawr, PA US",University of Illinois Urbana-Champaign,"Department of Physics Urbana, IL US",,,,,,,,,,2.0,0.0
141,A Data-Driven Approach to Question Subjectivity Identification in Community Question Answering,Chinese University of Hong Kong," Google Research, Beijing 100084, Chin"," Google Research, Beijing 100084, Chin",Chinese University of Hong Kong," AT&T Labs Research, San Francisco, CA, US",Chinese University of Hong Kong,,,,,,,3.0,0.0
142,Modeling Context Aware Dynamic Trust Using Hidden Markov Model *,École Polytechnique Fédérale de Lausanne,Nanyang Technological University,,,,,,,,,,,2.0,0.0
143,Transfer Learning with Graph Co-Regularization, Tsinghua National Laboratory for Information Science and Technolog,Tsinghua University,Tsinghua University,Hong Kong University of Science and Technology, Tsinghua National Laboratory for Information Science and Technolog,Tsinghua University,Hong Kong University of Science and Technology, Tsinghua National Laboratory for Information Science and Technolog,Tsinghua University,Hong Kong University of Science and Technology,,,4.0,1.0
144,A Search Algorithm for Latent Variable Models with Unbounded Domains,,,,,,,,,,,,,0.0,0.0
145,Discovering Constraints for Inductive Process Modeling,University of Ljubljana,Stanford University,Institute for the Study of Learning and Expertise,,,,,,,,,,3.0,0.0
146,The Linear Distance Traveling Tournament Problem,National Institute of Informatics,National Institute of Informatics,,,,,,,,,,,2.0,0.0
147,The Deployment-to-Saturation Ratio in Security Games,University of Southern California,University of British Columbia,University of Southern California,,,,,,,,,,3.0,0.0
148,Configuration Checking with Aspiration in Local Search for SAT,Peking University,Griffith University,Griffith University,Beihang University,,,,,,,,,4.0,0.0
149,Learning to Learn: Algorithmic Inspirations from Human Problem Solving,Microsoft Research (United Kingdom),Microsoft Research (United Kingdom),Microsoft Research (United Kingdom),Microsoft Research (United Kingdom),,,,,,,,,0.0,4.0
150,Improved Convergence of Iterative Ontology Alignment Using Block-Coordinate Descent,University of Georgia,University of Georgia,,,,,,,,,,,2.0,0.0
151,Table Header Detection and Classification,Peking University,Pennsylvania State University,Pennsylvania State University,Peking University,Pennsylvania State University,,,,,,,,5.0,0.0
152,Large-Scale Mapping and Navigation in Virtual Worlds Thesis Summary,Intelligent Robotics Lab,University of Birmingham,,,,,,,,,,,1.0,0.0
153,Query Rewriting for Horn-SHIQ plus Rules,University of Vienna,University of Vienna,University of Vienna,Vrije Universiteit Brussel,University of Vienna,,,,,,,,5.0,0.0
154,An Object-Based Bayesian Framework for Top-Down Visual Attention,University of Southern California,University of Southern California,University of Southern California,,,,,,,,,,3.0,0.0
155,Automated Strategies for Determining Rewards for Human Work,Bar-Ilan University,Bar-Ilan University,Bar-Ilan University," Institute for Advanced Computer Studies, University of Maryland, MD 2074",,,,,,,,,3.0,0.0
156,Efficient Multi-Stage Conjugate Gradient for Trust Region Step,Tsinghua University,Tsinghua University,,,,,,,,,,,2.0,0.0
157,A Multivariate Complexity Analysis of Lobbying in Multiple Referenda,Technical University of Berlin,Utrecht University,Saarland University,,,,,,,,,,3.0,0.0
158,Crossing Boundaries: Multi-Level Introspection in a Complex Robotic Architecture for Automatic Performance Improvements,Tufts University,Tufts University,Tufts University,,,,,,,,,,3.0,0.0
159,Cooperative Virtual Power Plant Formation Using Scoring Rules,University of Southampton,"Secure Meters Ltd., Winchester, U",Technical University of Crete,University of Southampton,University of Southampton,,,,,,,,4.0,0.0
160,Planning as an Iterative Process †,Ames Research Center,,,,,,,,,,,,1.0,0.0
161,A First-Order Interpreter for Knowledge-Based Golog with Sensing Based on Exact Progression and Limited Reasoning,Sun Yat-sen University,Sun Yat-sen University,Sun Yat-sen University,Sun Yat-sen University,,,,,,,,,4.0,0.0
162,POMDPs Make Better Hackers: Accounting for Uncertainty in Penetration Testing,"Core Security & ITBA Buenos Aires, Argentin",Inria Nancy - Grand-Est research centre,Saarland University,,,,,,,,,,2.0,1.0
163,Influence-Based Abstraction for Multiagent Systems,Maastricht University,"INESC-ID / Instituto Superior Técnico, UTL Av. Prof. Dr. Cavaco Silva 2744-016 Porto Salvo, Portugal Leslie P. Kaelbling MIT 32 Vassar Street Cambridge, MA 02139-4307, US",,,,,,,,,,,3.0,0.0
164,Document Summarization Based on Data Reconstruction,Zhejiang University,Zhejiang University,Zhejiang University,Zhejiang University,Zhejiang University,Zhejiang University,Zhejiang University,,,,,,7.0,0.0
165,Characterizing Multi-Agent Team Behavior from Partial Team Tracings: Evidence from the English Premier League,University of Pittsburgh,University of Pittsburgh,Queensland University of Technology,University of Pittsburgh,University of Pittsburgh,University of Pittsburgh,,,,,,,6.0,0.0
166,Sample Bounded Distributed Reinforcement Learning for Decentralized POMDPs,University of Southern Mississippi,University of Southern Mississippi,University of Southern Mississippi,University of Southern Mississippi,,,,,,,,,4.0,0.0
167,Exacting Social Events for Tweets Using a Factor Graph,Harbin Institute of Technology,Shandong University,Microsoft Research Asia (China),Shanghai Jiao Tong University,Microsoft Research Asia (China),Microsoft Research Asia (China),,,,,,,3.0,3.0
168,Congestion Games with Agent Failures,Hebrew University of Jerusalem,Technion – Israel Institute of Technology,University of Cambridge,University of Cambridge,,,,,,,,,4.0,0.0
169,Frugal Coordinate Descent for Large-Scale NNLS,Department of Computer Science University of New Mexic,,,,,,,,,,,,1.0,0.0
170,Hierarchical Modeling with Tensor Inputs,IBM Research - Thomas J. Watson Research Center,IBM Research - Thomas J. Watson Research Center,IBM Research - Thomas J. Watson Research Center,,,,,,,,,,3.0,0.0
171,Toward Habitable Assistance from Spoken Dialogue Systems,Hunter College,City University of New York,Columbia University,Hunter College,Columbia University,,,,,,,,5.0,0.0
172,Delivering the Smart Grid: Challenges for Autonomous Agents and Multi-Agent Systems Research,University of Southampton,University of Southampton,University of Southampton,,,,,,,,,,3.0,0.0
173,Computing Stackelberg Equilibria in Discounted Stochastic Games,Sandia National Laboratories,University of Michigan–Ann Arbor,,,,,,,,,,,2.0,0.0
174,Solving Temporal Problems Using SMT: Weak Controllability,,,,,,,,,,,,,0.0,0.0
175,Content Recommendation for Attention Management in Unified Social Messaging,IBM Research - Almaden,,,,,,,,,,,,1.0,0.0
176,Interactive Narrative: A Novel Application of Artificial Intelligence for Computer Games,Georgia Institute of Technology,,,,,,,,,,,,1.0,0.0
177,Sequential Decision Making with Rank Dependent Utility: A Minimax Regret Approach,"18 rue de la pépinière 75008 Paris, Franc","LIP6-CNRS, UPMC 4 Place Jussieu 75252 Paris Cedex 05, Franc","LIP6-CNRS, UPMC 4 Place Jussieu 75252 Paris Cedex 05, Franc",,,,,,,,,,3.0,0.0
178,A Real-Time Decision Support System for High Cost Oil-Well Drilling Operations,"Verdande Technology Trondheim, Norwa","Verdande Technology Trondheim, Norwa","Verdande Technology Trondheim, Norwa",Norwegian University of Science and Technology,Norwegian University of Science and Technology,,,,,,,,3.0,0.0
179,Learning Qualitative Models by Demonstration,Northwestern University,Northwestern University,,,,,,,,,,,2.0,0.0
180,Evaluating Resistance to False-Name Manipulations in Elections,Harvard University,Harvard University,Duke University,,,,,,,,,,3.0,0.0
181,Modeling Textual Cohesion for Event Extraction,University of Utah,University of Utah,,,,,,,,,,,2.0,0.0
182,A Dynamic Rationalization of Distance Rationalizability,Computer Science Department,Carnegie Mellon University,,,,,,,,,,,1.0,0.0
183,Bayes-Adaptive Interactive POMDPs,Lawrence Livermore National Laboratory,Lawrence Livermore National Laboratory,Lawrence Livermore National Laboratory,Massachusetts Institute of Technology,,,,,,,,,4.0,0.0
184,Sense Sentiment Similarity: An Analysis,National University of Singapore,National University of Singapore, NUS Graduate School for Integrative Sciences and Engineering,Institute for Infocomm Research,National University of Singapore,National University of Singapore,,,,,,,5.0,0.0
185,Incremental Management of Oversubscribed Vehicle Schedules in Dynamic Dial-A-Ride Problems,Carnegie Mellon University,Carnegie Mellon University,Carnegie Mellon University,,,,,,,,,,3.0,0.0
186,Optimal Manipulation of Voting Rules *,Nanyang Technological University,Nanyang Technological University,,,,,,,,,,,2.0,0.0
187,SPARQL Query Containment Under SH I Axioms,French Institute for Research in Computer Science and Automation,French Institute for Research in Computer Science and Automation,French Institute for Research in Computer Science and Automation,,,,,,,,,,3.0,0.0
188,Benchmarking Ontology-Based Query Rewriting Systems,Computer Science Department,University of Oxford,National Technical University of Athens,Computer Science Department,,,,,,,,,2.0,0.0
189,Strategic Advice Provision in Repeated Human-Agent Interactions,Bar-Ilan University,Bar-Ilan University,Bar-Ilan University," Institute for Advanced Computer Studies University of Maryland, MD 2074"," General Motors Advanced Technical Center, Herzliya 46725, Israe",Ben-Gurion University of the Negev,,,,,,,4.0,1.0
190,Statistical Anomaly Detection for Train Fleets, Addiva Consulting A," Addiva Eduro AB Kopparbergsvägen 8, SE-722 13 Västerås, Swede",Swedish Institute of Computer Science,"Bombardier Transportation Östra Ringvägen 2, SE-721 23 Västerås, Swede",,,,,,,,,4.0,0.0
191,Capabilities in Heterogeneous Multi-Robot Systems,UNSW Sydney,,,,,,,,,,,,1.0,0.0
192,Exploring the Duality in Conflict-Directed Model-Based Diagnosis,Ben-Gurion University of the Negev,Ben-Gurion University of the Negev,University College Cork,University College Cork,,,,,,,,,4.0,0.0
193,On Finding Optimal Polytrees,UNSW Sydney,University of Vienna,University of Helsinki,University of Orléans,University of Vienna,University of Vienna,,,,,,,6.0,0.0
194,A Complexity-of-Strategic-Behavior Comparison between Schulze's Rule and Ranked Pairs,Harvard University,Harvard University,,,,,,,,,,,2.0,0.0
195,A Distributed Approach to Summarizing Spaces of Multiagent Schedules,University of Michigan–Ann Arbor,University of Michigan–Ann Arbor,,,,,,,,,,,2.0,0.0
196,SMT-Based Verification of Hybrid Systems *,Fondazione Bruno Kessler,Fondazione Bruno Kessler,Fondazione Bruno Kessler,,,,,,,,,,3.0,0.0
197,Symmetry Breaking Constraints: Recent Results *,Data61,Data61,,,,,,,,,,,2.0,0.0
198,Rule Ensemble Learning Using Hierarchical Kernels in Structured Output Spaces,Monash University,Indian Institute of Technology Dhanbad,IITB-Monash Research Academy,Institute for Infocomm Research,IITB-Monash Research Academy,,,,,,,,5.0,0.0
199,TRUSTS: Scheduling Randomized Patrols for Fare Inspection in Transit Systems,University of Southern California,University of Southern California,University of Southern California,University of Southern California,The University of Texas at El Paso,University of British Columbia,Carnegie Mellon University,LAC+USC Medical Center,,,,,8.0,0.0
200,Information Set Generation in Partially Observable Games,University of Illinois Urbana-Champaign,University of Illinois Urbana-Champaign,,,,,,,,,,,2.0,0.0
201,TD-∆π: A Model-Free Algorithm for Efficient Exploration,University of Massachusetts Amherst,University of Massachusetts Amherst,,,,,,,,,,,2.0,0.0
202,Search-Based Path Planning with Homotopy Class Constraints in 3D,University of Pennsylvania,Carnegie Mellon University,University of Pennsylvania,,,,,,,,,,3.0,0.0
203,Non-Intrusive Load Monitoring Using Prior Models of General Appliance Types,University of Southampton,University of Southampton,University of Southampton,University of Southampton,,,,,,,,,4.0,0.0
204,Security Games with Limited Surveillance,University of Southern California,The University of Texas at El Paso,University of Southern California,University of Michigan–Ann Arbor,University of Southern California,Sandia National Laboratories California,,,,,,,6.0,0.0
205,Reformulating Temporal Action Logics in Answer Set Programming,Arizona State University,Princeton University,,,,,,,,,,,2.0,0.0
206,Optimal Proportional Cake Cutting with Connected Pieces,Tsinghua University,Nanyang Technological University,Nanyang Technological University,Nanyang Technological University,Nanyang Technological University,,,,,,,,5.0,0.0
207,Concept-Based Approach to Word-Sense Disambiguation,Technion – Israel Institute of Technology,Technion – Israel Institute of Technology,,,,,,,,,,,2.0,0.0
208,Far Out: Predicting Long-Term Human Mobility,University of Rochester,Microsoft (United States),Microsoft Research (India),,,,,,,,,,1.0,2.0
209,Knapsack Based Optimal Policies for Budget-Limited Multi-Armed Bandits,University of Southampton,University of Sydney,University of Southampton,University of Southampton,,,,,,,,,4.0,0.0
210,Sequence Labeling with Non-Negative Weighted Higher Order Features,The University of Texas at Dallas,The University of Texas at Dallas,,,,,,,,,,,2.0,0.0
211,Learning Non-Stationary Space-Time Models for Environmental Monitoring,Indraprastha Institute of Information Technology Delhi,Indraprastha Institute of Information Technology Delhi,University of Sydney,,,,,,,,,,3.0,0.0
212,Predicting Satisfiability at the Phase Transition,University of British Columbia,University of British Columbia,University of British Columbia,,,,,,,,,,3.0,0.0
213,Similarity Is Not Entailment -Jointly Learning Similarity Transformations for Textual Entailment,The University of Tokyo,The University of Tokyo,,,,,,,,,,,2.0,0.0
214,Fairness and Welfare Through Redistribution When Utility is Transferable,"Yahoo! Research 111 West 40th Street New York, NY 1001",,,,,,,,,,,,0.0,1.0
215,Random Projection with Filtering for Nearly Duplicate Search,Zhejiang University,Michigan State University,Zhejiang University,Zhejiang University,,,,,,,,,4.0,0.0
216,Emoticon Smoothed Language Models for Twitter Sentiment Analysis,Shanghai Jiao Tong University,Shanghai Jiao Tong University,Shanghai Jiao Tong University,,,,,,,,,,3.0,0.0
217,QuickPup: A Heuristic Backtracking Algorithm for the Partner Units Configuration Problem,University of Klagenfurt,University of Klagenfurt,Siemens (Austria),,,,,,,,,,2.0,0.0
218,Ensemble Feature Weighting Based on Local Learning and Diversity,Nanjing University of Posts and Telecommunications,Nanjing University of Posts and Telecommunications,Nanjing University of Aeronautics and Astronautics,,,,,,,,,,3.0,0.0
219,Advisor Agent Support for Issue Tracking in Medical Device Development,Medtronic (United States),University of Minnesota,,,,,,,,,,,1.0,0.0
220,Probabilistic Models for Common Spatial Patterns: Parameter-Expanded EM and Variational Bayes,Computer Science Department,Computer Science Department,Convergence,Pohang University of Science and Technology,,,,,,,,,2.0,0.0
221,Algorithmic and Human Teaching of Sequential Decision Tasks,Georgia Institute of Technology,Inria Bordeaux - Sud-Ouest Research Centre,,,,,,,,,,,2.0,0.0
222,Solving Peg Solitaire with Bidirectional BFIDA*,,,,,,,,,,,,,0.0,0.0
223,Opinion Target Extraction Using a ing Framework,Soochow University,Soochow University,Soochow University,,,,,,,,,,3.0,0.0
224,The Price of Neutrality for the Ranked Pairs Method,Technical University of Munich,University of Cambridge,,,,,,,,,,,2.0,0.0
225,Generating Chinese Classical Poems with Statistical Machine Translation Models,Tsinghua University,Microsoft Research Asia (China),Microsoft Research Asia (China),,,,,,,,,,1.0,2.0
226,Covering Number as a Complexity Measure for POMDP Planning and Learning,University of Science and Technology of China,"Rutgers, The State University of New Jersey",University of Science and Technology of China,,,,,,,,,,3.0,0.0
227,Transfer Learning in Collaborative Filtering with Uncertain Ratings,Hong Kong University of Science and Technology,Hong Kong University of Science and Technology,Hong Kong University of Science and Technology,,,,,,,,,,3.0,0.0
228,Generalizing and Executing Plans,University of Toronto,,,,,,,,,,,,1.0,0.0
229,A Multi-Path Compilation Approach to Contingent Planning,Ben-Gurion University of the Negev,Ben-Gurion University of the Negev,,,,,,,,,,,2.0,0.0
230,Basing Decisions on Sentences in Decision Diagrams,Cornell University,California State University Los Angeles,"University of California, Los Angeles",,,,,,,,,,3.0,0.0
231,Eliminating the Weakest Link: Making Manipulation Intractable?,University of Toronto,Data61,Data61,,,,,,,,,,3.0,0.0
232,Improving Hierarchical Planning Performance by the Use of Landmarks,University of Ulm,University of Ulm,University of Ulm,University of Ulm,,,,,,,,,4.0,0.0
233,Stability via Convexity and LP Duality in OCF Games,Nanyang Technological University,Athens University of Economics and Business,Nanyang Technological University,,,,,,,,,,3.0,0.0
234,Planning in Factored Action Spaces with Symbolic Dynamic Programming,Oregon State University,Tufts University,,,,,,,,,,,2.0,0.0
235,Approximately Revenue-Maximizing Auctions for Deliberative Agents,University of Washington,University of Washington,University of British Columbia,University of British Columbia,University of Washington,,,,,,,,5.0,0.0
236,Performance and Preferences: Interactive Refinement of Machine Learning Procedures,Microsoft Research (United Kingdom),Microsoft Research (United Kingdom),Microsoft Research (United Kingdom),Microsoft Research (United Kingdom),,,,,,,,,0.0,4.0
237,A Bayesian Approach to the Data Description Problem,École Polytechnique Fédérale de Lausanne,Sharif University of Technology,Sharif University of Technology,Sharif University of Technology,,,,,,,,,4.0,0.0
238,Goal Recognition with Markov Logic Networks for Player-Adaptive Games,North Carolina State University,North Carolina State University,North Carolina State University,North Carolina State University,,,,,,,,,4.0,0.0
239,Sensing the Air We Breathe -The OpenSense Zurich Dataset,École Polytechnique Fédérale de Lausanne,École Polytechnique Fédérale de Lausanne,ETH Zurich,ETH Zurich,ETH Zurich,,,,,,,,5.0,0.0
240,Applying Constraint Programming to Incorporate Engineering Methodologies into the Design Process of Complex Systems,IBM Research - Haifa,IBM Research - Haifa,IBM Research - Haifa,IBM Research - Haifa,IBM Research - Haifa,IBM Research - Haifa,Israel Aerospace Industries (Israel),Israel Aerospace Industries (Israel),,,,,6.0,2.0
241,Equality-Friendly Well-Founded Semantics and Applications to Description Logics,University of Oxford,University of Oxford,Humboldt-Universität zu Berlin,University of Oxford,University of Oxford,,,,,,,,5.0,0.0
242,Computing Equilibria in Two-Player Zero-Sum Continuous Stochastic Games with Switching Controller,Politecnico di Milano,Politecnico di Milano,Politecnico di Milano,Politecnico di Milano,,,,,,,,,4.0,0.0
243,Symbolic Synthesis of Observability Requirements for Diagnosability,University of Amsterdam,Thales Alenia Space (Italy),,,,,,,,,,,1.0,0.0
244,Towards Population Scale Activity Recognition: A Framework for Handling Data Diversity,Cornell University,Microsoft Research Asia (China),Cornell University,,,,,,,,,,2.0,1.0
245,Improving Convergence of CMA-ES Through Structure-Driven Discrete Recombination,Vrije Universiteit Brussel,Vrije Universiteit Brussel,,,,,,,,,,,2.0,0.0
246,Visual Saliency Estimation through Manifold Learning,University of Bath,ECIT Institute,Queen's University Belfast,,,,,,,,,,2.0,0.0
247,A Mouse-Trajectory Based Model for Predicting Query-URL Relevance, Baidu Inc,Nanyang Technological University, Baidu Inc,King Abdullah University of Science and Technology,Nanyang Technological University,Hong Kong University of Science and Technology,,,,,,,4.0,0.0
248,Probabilistic Alternating-Time Temporal Logic of Incomplete Information and Synchronous Perfect Recall *,UNSW Sydney,Griffith University,Peking University,University of Queensland,,,,,,,,,4.0,0.0
249,Fused Matrix Factorization with Geographical and Social Influence in Location-Based Social Networks,Institute of Computer Science,Institute of Computer Science,Institute of Computer Science,University of Hong Kong,Institute of Computer Science,,,,,,,,5.0,0.0
250,Iterative Voting under Uncertainty for Group Recommender Systems (Research Abstract),Ben-Gurion University of the Negev,,,,,,,,,,,,1.0,0.0
251,Discovering Spammers in Social Networks,Hong Kong University of Science and Technology,Hong Kong University of Science and Technology,Hong Kong University of Science and Technology,Hong Kong University of Science and Technology,Hong Kong University of Science and Technology,Hong Kong University of Science and Technology,,,,,,,6.0,0.0
252,Building Collaborative Strategies via Imitation,University of Business and Technology,,,,,,,,,,,,1.0,0.0
253,Fast and Accurate Predictions of IDA*'s Performance,University of Alberta,University of Regina,University of Alberta,,,,,,,,,,3.0,0.0
254,Advances in Lifted Importance Sampling,The University of Texas at Dallas,University of Washington,The University of Texas at Dallas,,,,,,,,,,3.0,0.0
255,Failure Handling In a Planning Framework,Istanbul Technical University,Istanbul Technical University,,,,,,,,,,,2.0,0.0
256,Online Kernel Selection: Algorithms and Evaluations,Michigan State University,Michigan State University,Michigan State University,Michigan State University,Nanyang Technological University,,,,,,,,5.0,0.0
257,Learning from Demonstration for Goal-Driven Autonomy,"University of California, Santa Cruz","University of California, Santa Cruz","University of California, Santa Cruz",,,,,,,,,,3.0,0.0
258,Transcription System Using Automatic Speech Recognition for the Japanese Parliament (Diet),Kyoto University,,,,,,,,,,,,1.0,0.0
259,A Novel and Scalable Spatio-Temporal Technique for Ocean Eddy Monitoring," Department of Computer Science and Engineering ‡ Department of Soil, Water and Climate University of Minnesot"," Department of Computer Science and Engineering ‡ Department of Soil, Water and Climate University of Minnesot"," Department of Computer Science and Engineering ‡ Department of Soil, Water and Climate University of Minnesot"," Department of Computer Science and Engineering ‡ Department of Soil, Water and Climate University of Minnesot",Norwegian Institute of Marine Research,Bjerknes Centre for Climate Research,,,,,,,2.0,0.0
260,Symbolic Variable Elimination for Discrete and Continuous Graphical Models,Data61,Australian National University,,,,,,,,,,,2.0,0.0
261,Conditioning in First-Order Knowledge Compilation and Lifted Probabilistic Inference,"Department of Computer Science, KU Leuven Celestijnenlaan 200A, B-3001 Heverlee, Belgiu","Department of Computer Science, KU Leuven Celestijnenlaan 200A, B-3001 Heverlee, Belgiu",,,,,,,,,,,2.0,0.0
262,Counting-MLNs: Learning Relational Structure for Decision Making,University of Washington,Microsoft (United States),,,,,,,,,,,1.0,1.0
263,eBird: A Human/Computer Learning Network for Biodiversity Conservation and Research,Cornell University,Cornell University,Cornell University,Cornell University,Oregon State University Cascades,Oregon State University Cascades,Cornell University,Cornell University,,,,,6.0,0.0
264,Learning Behavior Models for Hybrid Timed Systems,"Fraunhofer Institute of Optronics, System Technologies and Image Exploitation","Bauhaus University, Weimar","inIT -Institute Industrial IT 32657 Lemgo, German",Paderborn University,,,,,,,,,5.0,0.0
265,Learning Names For RFID-Tagged Objects in Activity Videos,University of Rochester,University of Rochester,,,,,,,,,,,2.0,0.0
266,Exploiting Shared Resource Dependencies in Spectrum Based Plan Diagnosis,Palo Alto Research Center,Qu & Co. (Netherlands),Delft University of Technology,Palo Alto Research Center,Palo Alto Research Center,,,,,,,,4.0,1.0
267,Time-Consistency of Optimization Problems,IBM Research - Tokyo,IBM Research - Tokyo,,,,,,,,,,,2.0,0.0
268,Kernel-Based Reinforcement Learning on Representative States,Palo Alto Center for Pulmonary Disease Prevention,Santa Clara University,,,,,,,,,,,1.0,0.0
269,"Incorporating Computational Sustainability into AI Education through -Available, Collectively-Composed Supplementary Lab Text",Vanderbilt University,Cornell University,Bryn Mawr College,Cornell University,,,,,,,,,4.0,0.0
270,Diagnosing Changes in An Ontology Stream: A DL Reasoning Approach,"IBM Research, Smarter Cities Technology Centre Damastown Industrial Estate, Dublin, Irelan",,,,,,,,,,,,0.0,1.0
271,Strategic Advice Provision in Repeated Human-Agent Interactions,Bar-Ilan University,Bar-Ilan University,Bar-Ilan University," General Motors Advanced Technical Center, Herzliya 46725, Israe",Ben-Gurion University of the Negev,,,,,,,,4.0,1.0
272,MAXSAT Heuristics for Cost Optimal Planning," Funded by NNSF of China, Jiangsu Province, and Nanjing University",Nanjing University,University of Toronto,,,,,,,,,,2.0,0.0
273,Convex Kernelized Sorting,Temple University,Temple University,Temple University,,,,,,,,,,3.0,0.0
274,Sparse Principal Component Analysis with Constraints,Temple University,Xerox Research Centre Europ,Temple University,,,,,,,,,,2.0,0.0
275,Generalized Monte-Carlo Tree Search Extensions for General Game Playing,Reykjavík University,,,,,,,,,,,,1.0,0.0
276,Towards Automated Choreographing of Web Services Using Planning,Shanghai University,Washington University in St. Louis,Tongji University,Washington University in St. Louis,Washington University in St. Louis,Washington University in St. Louis,Tongji University,,,,,,7.0,0.0
277,A New Operator for ABox Revision in DL-Lite,Southeast University,Southeast University,Shanghai Jiao Tong University,"SiPaiLou #2, Nanjing, 210096, P.R. Chin",,,,,,,,,3.0,0.0
278,Multi-Agent Simulation of En-Route Human Air-Traffic Controller,Technical University of Munich,Technical University of Munich,Technical University of Munich,Drexel University,Drexel University,Drexel University,,,,,,,6.0,0.0
279,REWOrD: Semantic Relatedness in the Web of Data,Free University of Bozen-Bolzano,,,,,,,,,,,,1.0,0.0
280,A Convex Formulation for Learning from Crowds *,Department of Mathematical Informatics The University of Toky,IBM Research - Tokyo,Department of Mathematical Informatics The University of Toky,,,,,,,,,,1.0,0.0
281,Coupling Spatiotemporal Disease Modeling with Diagnosis,Makerere University,Makerere University,School of Informatics University of Edinburg,Makerere University,,,,,,,,,3.0,0.0
282,Cost-Sensitive Risk Stratification in the Diagnosis of Heart Disease,Carnegie Mellon University,Carnegie Mellon University,Allegheny General Hospital,Allegheny General Hospital,,,,,,,,,4.0,0.0
283,Learning Actions and Action Verbs from Human-Agent Interaction,University of Michigan–Ann Arbor,,,,,,,,,,,,1.0,0.0
284,On the Complexity of Consistent Query Answering in the Presence of Simple Ontologies,Laboratoire de Recherche en Informatique,,,,,,,,,,,,1.0,0.0
285,Leveraging Domain Knowledge in Multitask Bayesian Network Structure Learning,Department of Computer Science University of New Mexic,Department of Computer Science University of New Mexic,,,,,,,,,,,2.0,0.0
286,Online Task Assignment in Crowdsourcing Markets,California State University Los Angeles,California State University Los Angeles,,,,,,,,,,,2.0,0.0
287,Predictive Mining of Comparable Entities from the Web,Pohang University of Science and Technology,Pohang University of Science and Technology,Pohang University of Science and Technology,,,,,,,,,,3.0,0.0
288,A Methodology for Deploying the Max-Sum Algorithm and a Case Study on Unmanned Aerial Vehicles,University of Southampton,University of Verona,,,,,,,,,,,2.0,0.0
289,Online Sequence Alignment for Real-Time Audio Transcription by Non-Experts,University of Rochester,University of Rochester,University of Rochester,University of Rochester,,,,,,,,,4.0,0.0
290,DUCT: An Upper Confidence Bound Approach to Distributed Constraint Optimization Problems,École Polytechnique Fédérale de Lausanne,École Polytechnique Fédérale de Lausanne,École Polytechnique Fédérale de Lausanne,,,,,,,,,,3.0,0.0
291,Compressed Least-Squares Regression on Sparse Spaces,McGill University,McGill University,McGill University,McGill University,,,,,,,,,4.0,0.0
292,Solving Dots-And-Boxes,,,,,,,,,,,,,0.0,0.0
293,Teaching Aspects of Constraint Satisfaction Algorithms Via a Game,University of Patras,University of Patras,University of Patras,,,,,,,,,,3.0,0.0
294,Using POMDPs to Control an Accuracy-Processing Time Trade-Off in Video Surveillance,University of Minnesota,"CS & AI Laboratory (CSAIL) Massachusetts Institute of Technology Cambridge, Massachusetts, 02139, US",University of Minnesota,University of Minnesota,Techniques of Informatics and Microelectronics for Integrated Systems Architecture,,,,,,,,4.0,0.0
295,Informed Initial Policies for Learning in Dec-POMDPs,"118 College Dr. #5106 Hattiesburg, MS 39406-000","118 College Dr. #5106 Hattiesburg, MS 39406-000",,,,,,,,,,,2.0,0.0
296,Visibility Induction for Discretized Pursuit-Evasion Games,Alexandria University,Alexandria University,,,,,,,,,,,2.0,0.0
297,Investigating the Effectiveness of Laplacian-Based Kernels in Hub Reduction,Nara Institute of Science and Technology,National Institute of Genetics,Nara Institute of Science and Technology,Nara Institute of Science and Technology,Université Catholique de Louvain,,,,,,,,5.0,0.0
298,Convex Matching Pursuit for Large-Scale Sparse Coding and Subset Selection,Nanyang Technological University,"University of California, San Diego",,,,,,,,,,,2.0,0.0
299,Exploring Mixed-Initiative Interaction for Learning with Situated Instruction in Cognitive Agents,University of Michigan–Ann Arbor,University of Michigan–Ann Arbor,,,,,,,,,,,2.0,0.0
300,Intelligent Computation of Reachability Sets for Space Missions,Computer Science Department,University of Colorado Boulder,Computer Science Department,,,,,,,,,,1.0,0.0
301,Design and Optimization of an Omnidirectional Humanoid Walk: A Winning Approach at the RoboCup 2011 3D Simulation Competition,The University of Texas at Austin,The University of Texas at Austin,The University of Texas at Austin,The University of Texas at Austin,The University of Texas at Austin,,,,,,,,5.0,0.0
302,Construction of New Medicines via Game Proof Search,University of Toronto,University of Toronto,,,,,,,,,,,2.0,0.0
303,Symbolic Dynamic Programming for Continuous State and Action MDPs,Australian National University,Data61,Massachusetts Institute of Technology,,,,,,,,,,3.0,0.0
304,Markov Network Structure Learning: A Randomized Feature Generation Approach,KU Leuven,KU Leuven,,,,,,,,,,,2.0,0.0
305,Learning Transformation Rules by Examples,University of Southern California,University of Southern California,University of Southern California,,,,,,,,,,3.0,0.0
306,Scheduling Conservation Designs via Network Cascade Optimization,Oregon State University,Oregon State University,Oregon State University,,,,,,,,,,3.0,0.0
307,Improving Hybrid Vehicle Fuel Efficiency Using Inverse Reinforcement Learning,Stanford University,Honda Research Institute (USA) Inc,Honda Research Institute (USA) Inc,Honda Research Institute (USA) Inc,,,,,,,,,1.0,0.0
308,An Intelligent Battery Controller Using Bias-Corrected Q-learning,Princeton University,Princeton University,,,,,,,,,,,2.0,0.0
309,Context Tree Maximizing Reinforcement Learning,Australian National University,Australian National University,Australian National University,,,,,,,,,,3.0,0.0
310,Dynamically Switching between Synergistic Workflows for Crowdsourcing,"Department of Computer Science and Engineering University of Washington Seattle, WA 9819","Department of Computer Science and Engineering University of Washington Seattle, WA 9819",,,,,,,,,,,3.0,0.0
311,Margin-Based Feature Selection in Incomplete Data,Temple University,Temple University,,,,,,,,,,,2.0,0.0
312,A Market-Based Coordination Mechanism for Resource Planning Under Uncertainty,University of Waterloo,University of Waterloo,University of Waterloo,,,,,,,,,,3.0,0.0
313,Approximate Policy Iteration with Linear Action Models,University of Alberta,University of Alberta,,,,,,,,,,,2.0,0.0
314,Search Algorithms for M Best Solutions for Graphical Models,"University of California, Irvine","University of California, Irvine",IBM Research - Ireland,,,,,,,,,,3.0,0.0
315,Statistical Relational Learning to Predict Primary Myocardial Infarction from Electronic Health Records,University of Wisconsin–Madison,University of Wisconsin–Madison,Wake Forest Baptist Medical Center,Marshfield Clinic,"Essentia Institute of Rural Health 502 E 2nd St, Duluth, M",,,,,,,,5.0,0.0
316,Fine-Grained Photovoltaic Output Prediction Using a Bayesian Ensemble,Virginia Tech,Virginia Tech," Sustainable Ecosystems Research Group, HP Labs, Palo Alto, CA 9430"," Sustainable Ecosystems Research Group, HP Labs, Palo Alto, CA 9430",Virginia Tech,Virginia Tech,,,,,,,2.0,2.0
317,Mining Context-Aware Significant Travel Sequences from Geotagged Social Media,Zhejiang University,Zhejiang University,Zhejiang University,Zhejiang University,Zhejiang University,,,,,,,,5.0,0.0
318,Pre-Symptomatic Prediction of Plant Drought Stress Using Dirichlet-Aggregation Regression on Hyperspectral Images,Fraunhofer Institute for Intelligent Analysis and Information Systems,Fraunhofer Institute for Intelligent Analysis and Information Systems,Fraunhofer Institute for Intelligent Analysis and Information Systems,Fraunhofer Institute for Intelligent Analysis and Information Systems," Game Analytics Aps., Copenhagen, Denmar",University of Bonn,University of Bonn,"Inst. of Bio-and Geosciences,IBG-2: Plant Sciences, Forschungszentrum Juelich, German",,,,,9.0,1.0
319,Multi-Label Learning on Tensor Product Graph,University of Hong Kong,,,,,,,,,,,,1.0,0.0
320,On the Relation of Constraint Answer Set Programming Languages and Algorithms,University of Kentucky,,,,,,,,,,,,1.0,0.0
321,Planning Under Time Pressure,University of New Hampshire,,,,,,,,,,,,1.0,0.0
322,Two New Local Search Strategies for Minimum Vertex Cover,Peking University,Chinese Academy of Sciences,Griffith University,Griffith University,Data61,,,,,,,,5.0,0.0
323,Using Sliding Windows to Generate Action Abstractions in Extensive-Form Games,University of Alberta,University of Alberta,University of Alberta,,,,,,,,,,3.0,0.0
324,Alpha-Beta Pruning for Games with Simultaneous Moves,Paris Dauphine University,Reykjavík University,University of Alberta,,,,,,,,,,3.0,0.0
325,Matching State-Based Sequences with Rich Temporal Aspects,Anhui University,University of Greenwich,University of Greenwich,Anhui University,Anhui University,,,,,,,,5.0,0.0
326,Efficient Optimization of Control Libraries,Carnegie Mellon University,Carnegie Mellon University,Carnegie Mellon University,Carnegie Mellon University,,,,,,,,,4.0,0.0
327,Social Context-Aware Trust Network Discovery in Complex Contextual Social Networks,Macquarie University,Macquarie University,Macquarie University,,,,,,,,,,3.0,0.0
328,Modeling the Evolution of Knowledge in Learning Systems,Cycorp (United States),Northwestern University,,,,,,,,,,,1.0,0.0
329,Seven Challenges in Parallel SAT Solving *,Microsoft Research (United Kingdom),Microsoft Research (United Kingdom),,,,,,,,,,,0.0,2.0
330,Ordered Completion for Logic Programs with Aggregates,Western Sydney University,Western Sydney University,Western Sydney University,,,,,,,,,,3.0,0.0
331,Unsupervised Feature Selection Using Nonnegative Spectral Analysis,Institute of Automation,He University,Institute of Automation,He University,Institute of Automation,He University,,,,,,,6.0,0.0
332,Transportability of Causal Effects: Completeness Results *,"University of California, Los Angeles","University of California, Los Angeles",,,,,,,,,,,2.0,0.0
333,Local Search for Designing Noise-Minimal Rotorcraft Approach Trajectories,Ames Research Center,University of Padua,University of Padua,,,,,,,,,,3.0,0.0
334,Automatically Generating Algebra Problems,"MIT CSAIL Cambridge, MA, USA rohi",Microsoft (United States),"Microsoft Research Bangalore, Indi",,,,,,,,,,1.0,2.0
335,Tree-Based Solution Methods for Multiagent POMDPs with Delayed Communication,Maastricht University,Delft University of Technology,,,,,,,,,,,2.0,0.0
336,Width and Complexity of Belief Tracking in Non-Deterministic Conformant and Contingent Planning,Simón Bolívar University,Institució Catalana de Recerca i Estudis Avançats,,,,,,,,,,,2.0,0.0
337,Classification of Sparse Time Series via Supervised Matrix Factorization,University of Hildesheim,University of Hildesheim,University of Hildesheim,,,,,,,,,,3.0,0.0
338,Possible Winners in Noisy Elections,AGH University of Science and Technology,AGH University of Science and Technology,,,,,,,,,,,2.0,0.0
339,Stochastic Safest and Shortest Path Problems,"Onera -The French Aerospace Lab F-31055, Toulouse, Franc",,,,,,,,,,,,1.0,0.0
340,On Completeness Classes for Query Evaluation on Linked Data,Karlsruhe Institute of Technology,Karlsruhe Institute of Technology,,,,,,,,,,,2.0,0.0
341,Lagrangian Relaxation Techniques for Scalable Spatial Conservation Planning,University of Massachusetts Amherst,University of Massachusetts Amherst,University of Massachusetts Amherst,,,,,,,,,,3.0,0.0
342,Housing Markets with Indifferences: A Tale of Two Mechanisms,Technical University of Munich,Centrum Wiskunde & Informatica,,,,,,,,,,,2.0,0.0
343,An Efficient Higher-Order Consistency Algorithm for Table Constraints *,University of Western Macedonia,University of Western Macedonia,,,,,,,,,,,2.0,0.0
344,The Complexity of Planning Revisited -A Parameterized Analysis,Linköping University,University of Vienna,Linköping University,University of Vienna,University of Vienna,,,,,,,,5.0,0.0
345,Decision Support for Agent Populations in Uncertain and Congested Environments,Singapore Management University,Singapore Management University,Carnegie Mellon University,Singapore Management University,,,,,,,,,4.0,0.0
346,Generating Coherent Summaries with Textual Aspects,Hong Kong Polytechnic University,Hong Kong Polytechnic University,Hong Kong Polytechnic University,,,,,,,,,,3.0,0.0
347,Using First-Order Logic to Compress Sentences,State Key Laboratory of Intelligent Technology and Systems,Tsinghua National Laboratory for Information Science and Technology,Tsinghua University,,,,,,,,,,4.0,0.0
348,Partial-Expansion A* with Selective Node Generation,Ben-Gurion University of the Negev,Ben-Gurion University of the Negev,Ben-Gurion University of the Negev,Ben-Gurion University of the Negev,Ben-Gurion University of the Negev,University of Denver,University of Alberta,University of Alberta,,,,,8.0,0.0
349,A Bregman Divergence Optimization Framework for Ranking on Data Manifold and Its New Extensions,Zhejiang University,Zhejiang University,Zhejiang University,Zhejiang University,,,,,,,,,4.0,0.0
350,Identifying Adverse Drug Events by Relational Learning,University of Wisconsin–Madison,Institute for Systems and Computer Engineering of Porto,Wake Forest University,University of Wisconsin–Madison,Marshfield Clinic,,,,,,,,5.0,0.0
351,Colorization by Matrix Completion,Zhejiang University,Zhejiang University,,,,,,,,,,,2.0,0.0
352,Using Expectations to Drive Cognitive Behavior,Carnegie Mellon University,Carnegie Mellon University,Carnegie Mellon University,Carnegie Mellon University,,,,,,,,,4.0,0.0
353,Belief Functions on Distributive Lattices *,Renmin University of China,,,,,,,,,,,,1.0,0.0
354,Functional Interactions between Memory and Recognition Judgments,University of Michigan–Ann Arbor,University of Michigan–Ann Arbor,University of Michigan–Ann Arbor,,,,,,,,,,3.0,0.0
355,Opportunities and Challenges for Constraint Programming *,University College Cork,,,,,,,,,,,,1.0,0.0
356,Collective Nominal Semantic Role Labeling for Tweets,Harbin Institute of Technology,Microsoft Research Asia (China),Shanghai Jiao Tong University,Shandong University,Microsoft Research Asia (China),Microsoft Research Asia (China),,,,,,,3.0,3.0
357,"Iterative Resource Allocation for Memory Intensive Parallel Search Algorithms on Clouds, Grids, and Shared Clusters",The University of Tokyo,Tokyo Institute of Technology,IBM Research - Ireland,,,,,,,,,,3.0,0.0
358,A Sequential Decision Approach to Ordinal Preferences in Recommender Systems,Curtin University,Deakin University,Deakin University,,,,,,,,,,3.0,0.0
359,A Well-Founded Semantics for Basic Logic Programs with Arbitrary Abstract Constraint Atoms,Guizhou University,Hong Kong University of Science and Technology,Guizhou Academy of Sciences,Guizhou Academy of Sciences,University of Alberta,,,,,,,,5.0,0.0
360,Manifold Warping: Manifold Alignment Over Time,University of Massachusetts Amherst,University of Massachusetts Amherst,University of Massachusetts Amherst,,,,,,,,,,3.0,0.0
361,Teaching Machines to Learn by Metaphors,Technion – Israel Institute of Technology,Technion – Israel Institute of Technology,,,,,,,,,,,2.0,0.0
362,A Grounded Cognitive Model for Metaphor Acquisition,Indian Institute of Technology Kanpur,Indian Institute of Technology Kanpur,,,,,,,,,,,2.0,0.0
363,MOMDPs: A Solution for Modelling Adaptive Management Problems,CSIRO Ecosystem Science,University of Alaska Fairbanks,University of Lorraine,,,,,,,,,,6.0,0.0
364,Towards a Cognitive System that Can Recognize Spatial Regions Based on Context,University of Birmingham,Palo Alto Research Center,"California State University, Monterey Bay",University of Birmingham,Trinity College Dublin,,,,,,,,5.0,0.0
365,Query-Oriented Multi-Document Summarization via Unsupervised Deep Learning,Hong Kong Polytechnic University,Hong Kong Polytechnic University,Hong Kong Polytechnic University,,,,,,,,,,3.0,0.0
366,Optimizing Payments in Dominant-Strategy Mechanisms for Multi-Parameter Domains,University of Waterloo,University of Southampton,University of Southampton,University of Southampton,,,,,,,,,4.0,0.0
367,Multi-Label Learning by Exploiting Label Correlations Locally *,Nanjing University,Nanjing University,,,,,,,,,,,2.0,0.0
368,Semi-Relaxed Plan Heuristics,Inria Nancy - Grand-Est research centre,Saarland University,Australian National University,,,,,,,,,,3.0,0.0
369,Querying Linked Ontological Data Through Distributed Summarization *,IBM Research - Thomas J. Watson Research Center,Carnegie Mellon University,University of Aberdeen,,,,,,,,,,3.0,0.0
370,PROTECT: An Application of Computational Game Theory for the Security of the Ports of the United States,University of Southern California,United States Coast Guard,,,,,,,,,,,2.0,0.0
371,Towards Discovering What Patterns Trigger What Labels *,Nanjing University,Nanjing University,Nanjing University,Nanjing University,,,,,,,,,4.0,0.0
372,Action Selection for MDPs: Anytime AO* Versus UCT,Simón Bolívar University,Institució Catalana de Recerca i Estudis Avançats,,,,,,,,,,,2.0,0.0
373,Relative Attributes for Enhanced Human-Machine Communication,Toyota Technological Institute at Chicago,The University of Texas System,Indraprastha Institute of Information Technology Delhi,The University of Texas System,,,,,,,,,4.0,0.0
374,Generating Pictorial Storylines via Minimum-Weight Connected Dominating Set Approximation in Multi-View Graphs,University of Miami,Florida International University,University of Miami,,,,,,,,,,3.0,0.0
375,Choosing Linguistics over Vision to Describe Images,"International Institute of Information Technology, Hyderabad","International Institute of Information Technology, Hyderabad","International Institute of Information Technology, Hyderabad",,,,,,,,,,3.0,0.0
376,Competing with Humans at Fantasy Football: Team Formation in Large Partially-Observable Domains,University of Southampton,University of Southampton,Technical University of Crete,,,,,,,,,,3.0,0.0
377,"Computing the Nucleolus of Matching, Cover and Clique Games",Nanyang Technological University,Microsoft Research Asia (China),Shanghai Jiao Tong University,,,,,,,,,,2.0,1.0
378,On Maxsum Fair Cake Divisions,New York University,Hebrew University and Harvard Universit,Harvard University,Carnegie Mellon University,Carnegie Mellon University,,,,,,,,4.0,0.0
379,Quality Expectation-Variance Tradeoffs in Crowdsourcing Contests,Microsoft Research (United Kingdom),Microsoft Research (United Kingdom),Microsoft Research (United Kingdom),,,,,,,,,,0.0,3.0
380,A Multi-Domain Evaluation of Scaling in a General Episodic Memory,University of Michigan–Ann Arbor,University of Michigan–Ann Arbor,University of Michigan–Ann Arbor,,,,,,,,,,3.0,0.0
381,Optimal Auctions for Spiteful Bidders,Carnegie Mellon University,Carnegie Mellon University,,,,,,,,,,,2.0,0.0
382,Using AI Local Search to Improve an OR Optimizer,"SISCOG -Sistemas Cognitivos, SA Campo Grande 378 -3 1700-097 Lisboa, Portuga","SISCOG -Sistemas Cognitivos, SA Campo Grande 378 -3 1700-097 Lisboa, Portuga","SISCOG -Sistemas Cognitivos, SA Campo Grande 378 -3 1700-097 Lisboa, Portuga","SISCOG -Sistemas Cognitivos, SA Campo Grande 378 -3 1700-097 Lisboa, Portuga","SISCOG -Sistemas Cognitivos, SA Campo Grande 378 -3 1700-097 Lisboa, Portuga","SISCOG -Sistemas Cognitivos, SA Campo Grande 378 -3 1700-097 Lisboa, Portuga",,,,,,,0.0,6.0
